<?xml version="1.0" encoding="UTF-8"?>
    <addon id="plugins.simplexity" name="Shit" version="0.1.0" provider-name="Simplexity">
        <requires>
            <import addon="xbmc.addon" version="12.0.0"/>
        </requires>
        <extension point="xbmc.addon.repository" name="Shit">
            <info compressed="false">https://raw.githubusercontent.com/eine-fake/ms-ez/master/_repo/addons.xml</info>
            <checksum>https://raw.githubusercontent.com/eine-fake/ms-ez/master/_repo/addons.xml.md5</checksum>
            <datadir zip="true">https://raw.githubusercontent.com/eine-fake/ms-ez/master/_repo/</datadir>
            <hashes>false</hashes>
        </extension>
        <extension point="xbmc.addon.metadata">
            <summary>Cool plugin</summary>
            <description>test.</description>
            <platform>all</platform>
    </extension>
</addon>